{"cameraMode":{"drawMode":0,"name":"Shaded","section":"Shading Mode"},"sceneLighting":true,"audioPlay":false,"sceneViewState":{"m_AlwaysRefresh":false,"showFog":true,"showSkybox":true,"showFlares":true,"showImageEffects":true,"showParticleSystems":true,"showVisualEffectGraphs":true,"m_FxEnabled":true},"in2DMode":false,"pivot":{"x":-1.6640605926513672,"y":-1.7399616241455079,"z":12.230812072753907},"rotation":{"x":-0.2186412215232849,"y":0.12605799734592439,"z":-0.028496550396084787,"w":-0.967239260673523},"size":19.92151641845703,"orthographic":false}