{"cameraMode":{"drawMode":0,"name":"Shaded","section":"Shading Mode"},"sceneLighting":false,"audioPlay":false,"sceneViewState":{"m_AlwaysRefresh":false,"showFog":true,"showSkybox":false,"showFlares":true,"showImageEffects":true,"showParticleSystems":true,"showVisualEffectGraphs":true,"m_FxEnabled":true},"in2DMode":false,"pivot":{"x":13.139758110046387,"y":1.0789319276809693,"z":0.10822725296020508},"rotation":{"x":0.1528344452381134,"y":0.11534303426742554,"z":-0.017962604761123658,"w":0.9813340306282044},"size":1.8704745769500733,"orthographic":false}