{"cameraMode":{"drawMode":0,"name":"Shaded","section":"Shading Mode"},"sceneLighting":true,"audioPlay":false,"sceneViewState":{"m_AlwaysRefresh":false,"showFog":true,"showSkybox":true,"showFlares":true,"showImageEffects":true,"showParticleSystems":true,"showVisualEffectGraphs":true,"m_FxEnabled":true},"in2DMode":false,"pivot":{"x":3.1182360649108888,"y":-19.28790283203125,"z":19.749889373779298},"rotation":{"x":-0.4626157283782959,"y":0.08407887071371079,"z":-0.04412791505455971,"w":-0.8814679980278015},"size":18.923851013183595,"orthographic":false}