{"cameraMode":{"drawMode":0,"name":"Shaded","section":"Shading Mode"},"sceneLighting":false,"audioPlay":false,"sceneViewState":{"m_AlwaysRefresh":false,"showFog":true,"showSkybox":false,"showFlares":true,"showImageEffects":true,"showParticleSystems":true,"showVisualEffectGraphs":true,"m_FxEnabled":true},"in2DMode":false,"pivot":{"x":-0.00014102458953857422,"y":0.2988893687725067,"z":-0.0008609890937805176},"rotation":{"x":0.17864999175071717,"y":0.7218030095100403,"z":-0.20233948528766633,"w":0.6372978687286377},"size":0.40156877040863039,"orthographic":false}